商品名,画像,度数,容量（ml）,容器,金額,リンク
爽　飫肥杉,obisugi_20.jpg,20,100,瓶,223,https://shochu-dojo.jp/?pid=158061833
爽　飫肥杉,obisugi_20.jpg,20,200,PETカップ,251,https://shochu-dojo.jp/?pid=158061834
爽　飫肥杉,obisugi_20.jpg,20,360,PETカップ,462,https://shochu-dojo.jp/?pid=158061835
爽　飫肥杉,obisugi_20.jpg,20,900,スリムパック,952,https://shochu-dojo.jp/?pid=158061836
爽　飫肥杉,obisugi_20.jpg,20,900,瓶,963,https://shochu-dojo.jp/?pid=158061837
爽　飫肥杉,obisugi_20.jpg,20,1800,瓶,1788,https://shochu-dojo.jp/?pid=158061839
爽　飫肥杉,obisugi_20.jpg,20,1800,紙パック,1766,https://shochu-dojo.jp/?pid=158061840
爽　飫肥杉,obisugi_20.jpg,20,2700,大容量PET,2453,https://shochu-dojo.jp/?pid=158061841
爽　飫肥杉,obisugi_20.jpg,20,4000,大容量PET,3520,https://shochu-dojo.jp/?pid=158061842
爽　飫肥杉,obisugi_25.jpg,25,100,瓶,255,https://shochu-dojo.jp/?pid=158061845
爽　飫肥杉,obisugi_25.jpg,25,720,瓶,1235,https://shochu-dojo.jp/?pid=158061847
爽　飫肥杉,obisugi_25.jpg,25,900,瓶,1098,https://shochu-dojo.jp/?pid=158061848
爽　飫肥杉,obisugi_25.jpg,25,1800,瓶,2050,https://shochu-dojo.jp/?pid=158061849
爽　飫肥杉,obisugi_25.jpg,25,1800,紙パック,2029,https://shochu-dojo.jp/?pid=158061850
黒飫肥杉,kurosugi_20.jpg,20,900,瓶,963,https://shochu-dojo.jp/?pid=158061863
黒飫肥杉,kurosugi_20.jpg,20,1800,紙パック,1766,https://shochu-dojo.jp/?pid=158061864
黒飫肥杉,kurosugi_25.jpg,25,100,瓶,255,https://shochu-dojo.jp/?pid=158061865
黒飫肥杉,kurosugi_25.jpg,25,900,瓶,1098,https://shochu-dojo.jp/?pid=158061866
黒飫肥杉,kurosugi_25.jpg,25,1800,瓶,2050,https://shochu-dojo.jp/?pid=158061868
黒飫肥杉,kurosugi_25.jpg,25,1800,紙パック,2029,https://shochu-dojo.jp/?pid=158061869
赤飫肥杉,akasugi_20.jpg,20,900,瓶,963,https://shochu-dojo.jp/?pid=158061852
赤飫肥杉,akasugi_20.jpg,20,1800,紙パック,1766,https://shochu-dojo.jp/?pid=158061854
赤飫肥杉,akasugi_20.jpg,20,4000,大容量PET,3520,https://shochu-dojo.jp/?pid=158061855
赤飫肥杉,akasugi_25.jpg,25,100,瓶,255,https://shochu-dojo.jp/?pid=158061858
赤飫肥杉,akasugi_25.jpg,25,900,瓶,1098,https://shochu-dojo.jp/?pid=158061859
赤飫肥杉,akasugi_25.jpg,25,1800,瓶,2050,https://shochu-dojo.jp/?pid=158061860
赤飫肥杉,akasugi_25.jpg,25,900,スリムパック,980,https://shochu-dojo.jp/?pid=173344405
赤飫肥杉,akasugi_25.jpg,25,1800,紙パック,2029,https://shochu-dojo.jp/?pid=158061861
飫肥杉　原酒　特選ブレンド,obisugi_genshu_tokusen.jpg,37,720,瓶,2750,https://shochu-dojo.jp/?pid=182738611
飫肥杉　原酒,obisugi_genshu.jpg,38,720,瓶,2326,https://shochu-dojo.jp/?pid=158061927
飫肥杉　ライオンズボトル,obisugi_lions.jpg,20,720,瓶,1320,https://shochu-dojo.jp/?pid=158061890
櫻泉,sakuraizumi.jpg,25,100,瓶,255,https://shochu-dojo.jp/?pid=158061871
櫻泉,sakuraizumi.jpg,25,720,瓶,1097,https://shochu-dojo.jp/?pid=158061872
櫻泉,sakuraizumi.jpg,25,900,瓶,1098,https://shochu-dojo.jp/?pid=158061873
櫻泉,sakuraizumi.jpg,25,1800,瓶,2050,https://shochu-dojo.jp/?pid=158061874
大金持　芋　金箔入,ooganemoti_imo_gold.jpg,20,900,瓶,1298,https://shochu-dojo.jp/?pid=158061875
大金持　芋　金箔入,ooganemoti_imo_gold.jpg,20,1800,瓶,2647,https://shochu-dojo.jp/?pid=158061876
芋の達人,imonotatujin.jpg,25,100,PETカップ,125,https://shochu-dojo.jp/?pid=158061881
芋の達人,imonotatujin.jpg,25,900,瓶,1116,取り扱いなし
芋の達人,imonotatujin.jpg,25,1800,紙パック,2005,取り扱いなし
赤魔性,akamasyou.jpg,25,720,瓶,1478,https://shochu-dojo.jp/?pid=158061878
赤魔性,akamasyou.jpg,25,1800,瓶,2393,商品ページがない
無邪鬼,mujaki.jpg,25,720,瓶,1489,https://shochu-dojo.jp/?pid=159198046
無邪鬼,mujaki.jpg,25,1800,瓶,2527,https://shochu-dojo.jp/?pid=159198618
神武　安納芋仕込長期貯蔵原酒,jinmu_annouimo.jpg,36,720,瓶,5500,https://shochu-dojo.jp/?pid=158061891
萬甕,mannou.jpg,25,1800,陶器,5670,https://shochu-dojo.jp/?pid=158061940
焼酎力　芋,shochuriki_imo.jpg,25,1800,紙パック,2029,https://shochu-dojo.jp/?pid=173344199
どでか芋,dodeka_imo.jpg,25,5000,大容量PET,4598,https://shochu-dojo.jp/?pid=158061870
純麦櫻泉,sakuraizumi_mugi.jpg,25,900,瓶,1051,https://shochu-dojo.jp/?pid=158061896
純麦櫻泉,sakuraizumi_mugi.jpg,25,1800,瓶,1980,https://shochu-dojo.jp/?pid=158061897
黒櫻泉,sakuraizumi_kuro.jpg,25,900,瓶,1051,商品ページがない
黒櫻泉,sakuraizumi_kuro.jpg,25,1800,瓶,1980,商品ページがない
大金持　麦,ooganemoti_mugi.jpg,25,900,瓶,1051,商品ページがない
大金持　麦,ooganemoti_mugi.jpg,25,1800,瓶,1980,商品ページがない
大金持　麦　金箔入,ooganemoti_mugi_gold.jpg,25,900,瓶,1134,https://shochu-dojo.jp/?pid=158061902
大金持　麦　金箔入,ooganemoti_mugi_gold.jpg,25,1800,瓶,2593,https://shochu-dojo.jp/?pid=158061904
吉祥大金持,ooganemoti_kisshou.jpg,25,720,陶器,2150,商品ページがない
神武　琥珀,jinmu_kohaku.jpg,25,720,瓶,3300,https://shochu-dojo.jp/?pid=158061907
貴醸酎　神武,jinmu_kijoutyu.jpg,40,720,瓶,4730,https://shochu-dojo.jp/?pid=158061908
神武　麦全麹仕込十年貯蔵原酒,jinmu_mugi.jpg,39,720,瓶,5500,https://shochu-dojo.jp/?pid=158061910
焼酎力　麦,shochuriki_mugi.jpg,25,1800,紙パック,2011,https://shochu-dojo.jp/?pid=173344335
どでか麦,dodeka_mugi.jpg,25,5500,大容量PET,4598,https://shochu-dojo.jp/?pid=170643890
孤独な天使,kodokunatenshi.jpg,36,720,瓶,2750,https://shochu-dojo.jp/?pid=158061916
日向の夏子,himukanonatsuko.jpg,12,500,瓶,1257,https://shochu-dojo.jp/?pid=158061917
日向の夏子,himukanonatsuko.jpg,12,1800,瓶,2310,https://shochu-dojo.jp/?pid=158061919
さわやか　へべすリキュール,liqueur_hebesu.jpg,14,500,瓶,1562,https://shochu-dojo.jp/?pid=158061923
さわやか　レモンリキュール,liqueur_lemon.jpg,14,500,瓶,1425,https://shochu-dojo.jp/?pid=158061924
さわやか　レモンリキュール,liqueur_lemon.jpg,14,1800,瓶,3300,https://shochu-dojo.jp/?pid=158061925
さわやか　ゆずリキュール,liqueur_yuzu./jpg,14,500,瓶,1425,https://shochu-dojo.jp/?pid=158061922
