name,type,image,abv,volume_ml,container,price,aroma,flavor,aftertaste,price_score,link
爽 飫肥杉,芋焼酎,obisugi_20_100.jpg,20,100,瓶,223,5,5,5,1,https://shochu-dojo.jp/?pid=158061833
爽 飫肥杉,芋焼酎,obisugi_20_200.jpg,20,200,PETカップ,251,5,5,5,1,https://shochu-dojo.jp/?pid=158061834
爽 飫肥杉,芋焼酎,obisugi_20_360.jpg,20,360,PETカップ,462,5,5,5,1,https://shochu-dojo.jp/?pid=158061835
爽 飫肥杉,芋焼酎,obisugi_20_900.jpg,20,900,スリムパック,952,5,5,5,1,https://shochu-dojo.jp/?pid=158061836
爽 飫肥杉,芋焼酎,obisugi_20_900.jpg,20,900,瓶,963,5,5,5,1,https://shochu-dojo.jp/?pid=158061837
爽 飫肥杉,芋焼酎,obisugi_20_1800.jpg,20,1800,瓶,1788,5,5,5,2,https://shochu-dojo.jp/?pid=158061839
爽 飫肥杉,芋焼酎,obisugi_20_1800.jpg,20,1800,紙パック,1766,5,5,5,2,https://shochu-dojo.jp/?pid=158061840
爽 飫肥杉,芋焼酎,obisugi_20_2700.jpg,20,2700,大容量PET,2453,5,5,5,3,https://shochu-dojo.jp/?pid=158061841
爽 飫肥杉,芋焼酎,obisugi_20_4000.jpg,20,4000,大容量PET,3520,5,5,5,4,https://shochu-dojo.jp/?pid=158061842
爽 飫肥杉,芋焼酎,obisugi_25_100.jpg,25,100,瓶,255,5,5,5,1,https://shochu-dojo.jp/?pid=158061845
爽 飫肥杉,芋焼酎,obisugi_25_720.jpg,25,720,瓶,1235,5,5,5,2,https://shochu-dojo.jp/?pid=158061847
爽 飫肥杉,芋焼酎,obisugi_25_900.jpg,25,900,瓶,1098,5,5,5,2,https://shochu-dojo.jp/?pid=158061848
爽 飫肥杉,芋焼酎,obisugi_25_1800.jpg,25,1800,瓶,2050,5,5,5,3,https://shochu-dojo.jp/?pid=158061849
爽 飫肥杉,芋焼酎,obisugi_25_1800.jpg,25,1800,紙パック,2029,5,5,5,3,https://shochu-dojo.jp/?pid=158061850
黒飫肥杉,芋焼酎,kurosugi_20_900.jpg,20,900,瓶,963,3,2,2,1,https://shochu-dojo.jp/?pid=158061863
黒飫肥杉,芋焼酎,kurosugi_20_1800.jpg,20,1800,紙パック,1766,3,2,2,2,https://shochu-dojo.jp/?pid=158061864
黒飫肥杉,芋焼酎,kurosugi_25_100.jpg,25,100,瓶,255,3,2,2,1,https://shochu-dojo.jp/?pid=158061865
黒飫肥杉,芋焼酎,kurosugi_25_900.jpg,25,900,瓶,1098,3,2,2,2,https://shochu-dojo.jp/?pid=158061866
黒飫肥杉,芋焼酎,kurosugi_25_1800.jpg,25,1800,瓶,2050,3,2,2,3,https://shochu-dojo.jp/?pid=158061868
黒飫肥杉,芋焼酎,kurosugi_25_1800.jpg,25,1800,紙パック,2029,3,2,2,3,https://shochu-dojo.jp/?pid=158061869
赤飫肥杉,芋焼酎,akasugi_20_900.jpg,20,900,瓶,963,3,4,4,1,https://shochu-dojo.jp/?pid=158061852
赤飫肥杉,芋焼酎,akasugi_20_1800.jpg,20,1800,紙パック,1766,3,4,4,2,https://shochu-dojo.jp/?pid=158061854
赤飫肥杉,芋焼酎,akasugi_20_4000.jpg,20,4000,大容量PET,3520,3,4,4,4,https://shochu-dojo.jp/?pid=158061855
赤飫肥杉,芋焼酎,akasugi_25_100.jpg,25,100,瓶,255,3,4,4,1,https://shochu-dojo.jp/?pid=158061858
赤飫肥杉,芋焼酎,akasugi_25_900.jpg,25,900,瓶,1098,3,4,4,2,https://shochu-dojo.jp/?pid=158061859
赤飫肥杉,芋焼酎,akasugi_25_1800.jpg,25,1800,瓶,2050,3,4,4,3,https://shochu-dojo.jp/?pid=158061860
赤飫肥杉,芋焼酎,akasugi_25_900.jpg,25,900,スリムパック,980,3,4,4,1,https://shochu-dojo.jp/?pid=173344405
赤飫肥杉,芋焼酎,akasugi_25_1800.jpg,25,1800,紙パック,2029,3,4,4,3,https://shochu-dojo.jp/?pid=158061861
飫肥杉 原酒 特選ブレンド,芋焼酎,obisugi_genshu_tokusen_720.jpg,37,720,瓶,2750,2,3,2,3,https://shochu-dojo.jp/?pid=182738611
飫肥杉 原酒,芋焼酎,obisugi_genshu_720.jpg,38,720,瓶,2326,2,3,2,3,https://shochu-dojo.jp/?pid=158061927
飫肥杉 ライオンズボトル,芋焼酎,obisugi_lions_720.jpg,20,720,瓶,1320,5,5,5,2,https://shochu-dojo.jp/?pid=158061890
櫻泉,芋焼酎,sakuraizumi_100.jpg,25,100,瓶,255,4,3,3,1,https://shochu-dojo.jp/?pid=158061871
櫻泉,芋焼酎,sakuraizumi_720.jpg,25,720,瓶,1097,4,3,3,2,https://shochu-dojo.jp/?pid=158061872
櫻泉,芋焼酎,sakuraizumi_900.jpg,25,900,瓶,1098,4,3,3,2,https://shochu-dojo.jp/?pid=158061873
櫻泉,芋焼酎,sakuraizumi_1800.jpg,25,1800,瓶,2050,4,3,3,3,https://shochu-dojo.jp/?pid=158061874
大金持 芋 金箔入,芋焼酎,ooganemoti_imo_gold_900.jpg,20,900,瓶,1298,3,4,3,2,https://shochu-dojo.jp/?pid=158061875
大金持 芋 金箔入,芋焼酎,ooganemoti_imo_gold_1800.jpg,20,1800,瓶,2647,3,4,3,3,https://shochu-dojo.jp/?pid=158061876
芋の達人,芋焼酎,imonotatujin_100.jpg,25,100,PETカップ,125,2,1,2,1,https://shochu-dojo.jp/?pid=158061881
芋の達人,芋焼酎,imonotatujin_900.jpg,25,900,瓶,1116,2,1,2,2,取り扱いなし
芋の達人,芋焼酎,imonotatujin_1800.jpg,25,1800,紙パック,2005,2,1,2,3,取り扱いなし
赤魔性,芋焼酎,akamasyou_720.jpg,25,720,瓶,1478,4,2,2,2,https://shochu-dojo.jp/?pid=158061878
赤魔性,芋焼酎,akamasyou_1800.jpg,25,1800,瓶,2393,4,2,2,3,商品ページがない
無邪鬼,芋焼酎,mujaki_720.jpg,25,720,瓶,1489,3,4,3,2,https://shochu-dojo.jp/?pid=159198046
無邪鬼,芋焼酎,mujaki_1800.jpg,25,1800,瓶,2527,3,4,3,3,https://shochu-dojo.jp/?pid=159198618
神武 安納芋仕込長期貯蔵原酒,芋焼酎,jinmu_annouimo_720.jpg,36,720,瓶,5500,2,1,3,5,https://shochu-dojo.jp/?pid=158061891
萬甕,芋焼酎,mannou_1800.jpg,25,1800,陶器,5670,4,2,3,5,https://shochu-dojo.jp/?pid=158061940
焼酎力 芋,芋焼酎,shochuriki_imo_1800.jpg,25,1800,紙パック,2029,4,2,3,3,https://shochu-dojo.jp/?pid=173344199
どでか芋,芋焼酎,dodeka_imo_5000.jpg,25,5000,大容量PET,4598,4,3,4,5,https://shochu-dojo.jp/?pid=158061870
純麦櫻泉,麦焼酎,sakuraizumi_mugi_900.jpg,25,900,瓶,1051,5,5,4,2,https://shochu-dojo.jp/?pid=158061896
純麦櫻泉,麦焼酎,sakuraizumi_mugi_1800.jpg,25,1800,瓶,1980,5,5,4,2,https://shochu-dojo.jp/?pid=158061897
黒櫻泉,麦焼酎,sakuraizumi_kuro_900.jpg,25,900,瓶,1051,1,2,1,2,商品ページがない
黒櫻泉,麦焼酎,sakuraizumi_kuro_1800.jpg,25,1800,瓶,1980,1,2,1,2,商品ページがない
大金持 麦,麦焼酎,ooganemoti_mugi_900.jpg,25,900,瓶,1051,3,4,3,2,商品ページがない
大金持 麦,麦焼酎,ooganemoti_mugi_1800.jpg,25,1800,瓶,1980,3,4,3,2,商品ページがない
大金持 麦 金箔入,麦焼酎,ooganemoti_mugi_gold_900.jpg,25,900,瓶,1134,3,4,3,2,https://shochu-dojo.jp/?pid=158061902
大金持 麦 金箔入,麦焼酎,ooganemoti_mugi_gold_1800.jpg,25,1800,瓶,2593,3,4,3,3,https://shochu-dojo.jp/?pid=158061904
吉祥大金持,麦焼酎,ooganemoti_kisshou_720.jpg,25,720,陶器,2150,3,4,3,3,商品ページがない
神武 琥珀,麦焼酎,jinmu_kohaku_720.jpg,25,720,瓶,3300,2,3,2,4,https://shochu-dojo.jp/?pid=158061907
貴醸酎 神武,麦焼酎,jinmu_kijoutyu_720.jpg,40,720,瓶,4730,1,1,2,5,https://shochu-dojo.jp/?pid=158061908
神武 麦全麹仕込十年貯蔵原酒,麦焼酎,jinmu_mugi_720.jpg,39,720,瓶,5500,3,1,3,5,https://shochu-dojo.jp/?pid=158061910
焼酎力 麦,麦焼酎,shochuriki_mugi_1800.jpg,25,1800,紙パック,2011,5,4,4,3,https://shochu-dojo.jp/?pid=173344335
どでか麦,麦焼酎,dodeka_mugi_5500.jpg,25,5500,大容量PET,4598,3,4,3,5,https://shochu-dojo.jp/?pid=170643890
孤独な天使,デーツ焼酎,kodokunatenshi_720.jpg,36,720,瓶,2750,2,1,3,3,https://shochu-dojo.jp/?pid=158061916
日向の夏子,リキュール,himukanonatsuko_500.jpg,12,500,瓶,1257,4,4,3,2,https://shochu-dojo.jp/?pid=158061917
日向の夏子,リキュール,himukanonatsuko_1800.jpg,12,1800,瓶,2310,4,4,3,3,https://shochu-dojo.jp/?pid=158061919
さわやか へべすリキュール,リキュール,liqueur_hebesu_500.jpg,14,500,瓶,1562,4,3,4,2,https://shochu-dojo.jp/?pid=158061923
さわやか レモンリキュール,リキュール,liqueur_lemon_500.jpg,14,500,瓶,1425,5,5,4,2,https://shochu-dojo.jp/?pid=158061924
さわやか レモンリキュール,リキュール,liqueur_lemon_1800.jpg,14,1800,瓶,3300,5,5,4,4,https://shochu-dojo.jp/?pid=158061925
さわやか ゆずリキュール,リキュール,liqueur_yuzu._500/jpg,14,500,瓶,1425,5,4,4,2,https://shochu-dojo.jp/?pid=158061922
爽 飫肥杉,芋焼酎,obisugi_20_900.jpg,20,900,スリムカップ,952,5,5,5,1,
赤飫肥杉,芋焼酎,akasugi_25_900.jpg,25,900,スリムカップ,980,3,4,4,1,
爽 飫肥杉,芋焼酎,obisugi_20_100.jpg,20,100,,223,5,5,5,1,https://shochu-dojo.jp/?pid=158061833
むげつ まるみ,芋焼酎,mugetsu_marumi_720.jpg,25,720,,1518,2,2,3,2,https://shochu-dojo.jp/?pid=163010728
むげつ まるみ,芋焼酎,mugetsu_marumi_1800.jpg,25,1800,,2530,2,2,3,3,https://shochu-dojo.jp/?pid=163010688
むげつ まるみ 長期甕熟成,芋焼酎,mugetsu_marumi-long_720.jpg,25,720,,1518,,2,2,3,2,https://shochu-dojo.jp/?pid=182746662
むげつ まるみ 長期甕熟成,芋焼酎,mugetsu_marumi-long_1800.jpg,25,1800,,2530,2,2,3,3,https://shochu-dojo.jp/?pid=182746667
焼酎道場 シルクスイート仕込,芋焼酎,silksweet_900.jpg,25,900,,1518,3,3,4,2,https://shochu-dojo.jp/?pid=166367321
焼酎道場 シルクスイート仕込,芋焼酎,silksweet_1800.jpg,25,1800,,2530,3,3,4,3,https://shochu-dojo.jp/?pid=166366932
長期甕貯蔵 無月 夢,芋焼酎,mugetsu_yume_720.jpg,25,720,,1650,3,2,2,2,https://shochu-dojo.jp/?pid=158061933
長期甕貯蔵 無月 匠,芋焼酎,mugetu_takumi_720.jpg,37,720,,3300,3,2,2,4,https://shochu-dojo.jp/?pid=158061935
長期甕貯蔵 無月 甕壷,芋焼酎,mugetsu_kametsubo_1800.jpg,25,1800,,6050,3,2,2,5,https://shochu-dojo.jp/?pid=158061940
長期甕貯蔵 無月 量り売り用,芋焼酎,mugetu_hakariuri_1800.jpg,25,1800,,2805,3,2,2,3,https://shochu-dojo.jp/?pid=158061934
赤魔王,芋焼酎,akamaou_100.jpg,25,100,,301,2,2,3,1,https://shochu-dojo.jp/?pid=158061965
赤魔王,芋焼酎,akamaou_720.jpg,25,720,,1859,2,2,3,2,https://shochu-dojo.jp/?pid=158061966
赤魔王,芋焼酎,akamaou_1800.jpg,25,1800,,3003,2,2,3,4,https://shochu-dojo.jp/?pid=158061967
赤魔王 紫芋仕込,芋焼酎,akamaou_murasaki_100.jpg,25,100,,301,3,3,3,1,https://shochu-dojo.jp/?pid=166738944
赤魔王 紫芋仕込,芋焼酎,akamaou_murasaki_720.jpg,25,720,,1518,3,3,3,2,https://shochu-dojo.jp/?pid=166738757
赤魔王 紫芋仕込,芋焼酎,akamaou_murasaki_720.jpg,25,720,,1628,3,3,3,2,https://shochu-dojo.jp/?pid=166738897
赤魔王 紫芋仕込,芋焼酎,akamaou_murasaki_1800.jpg,25,1800,,2728,3,3,3,3,https://shochu-dojo.jp/?pid=166738054
吉祥赤魔王,芋焼酎,kisshou_akamaou_720.jpg,27,720,,3102,2,1,4,4,https://shochu-dojo.jp/?pid=158061969
吉祥赤魔王,芋焼酎,kisshou_akamaou_900.jpg,27,900,,2156,2,1,4,3,https://shochu-dojo.jp/?pid=158061971
吉祥赤魔王,芋焼酎,kisshou_akamaou_1800.jpg,27,1800,,3586,2,1,4,4,https://shochu-dojo.jp/?pid=158061973
日南海,芋焼酎,hinami_20_720.jpg,20,720,,1412,2,2,3,2,https://shochu-dojo.jp/?pid=160011409
日南海,芋焼酎,hinami_20_1800.jpg,20,1800,,2345,2,2,3,3,https://shochu-dojo.jp/?pid=160011479
日南海,芋焼酎,hinami_25_720.jpg,25,720,,1652,2,2,3,2,https://shochu-dojo.jp/?pid=159978183
日南海,芋焼酎,hinami_25_1800.jpg,25,1800,,2633,2,2,3,3,https://shochu-dojo.jp/?pid=159978466
やき芋浪漫,芋焼酎,yakiimoroman_100.jpg,25,100,,301,,,,1,商品ページがない
やき芋浪漫,芋焼酎,yakiimoroman_900.jpg,25,900,,1485,,,,2,商品ページがない
やき芋浪漫,芋焼酎,yakiimoroman_1800.jpg,25,1800,,2832,,,,3,商品ページがない
蔵の文太 白麹,芋焼酎,kuranobunta_shiro_720.jpg,25,720,瓶,1320,4,3,4,2,https://shochu-dojo.jp/?pid=158061953
蔵の文太 白麹,芋焼酎,kuranobunta_shiro_1800.jpg,25,1800,瓶,2046,4,3,4,3,https://shochu-dojo.jp/?pid=158061954
蔵の文太 黒麹,芋焼酎,kuranobunta_kuro_720.jpg,25,720,瓶,1320,2,3,2,2,https://shochu-dojo.jp/?pid=158061955
蔵の文太 黒麹,芋焼酎,kuranobunta_kuro_1800.jpg,25,1800,瓶,2046,2,3,2,3,https://shochu-dojo.jp/?pid=158061956
花立の里,芋焼酎,hanadatenosatoi_720.jpg,25,720,,1540,,,,2,商品ページがない
花立の里,芋焼酎,hanadatenosatoi_1800.jpg,25,1800,,2639,,,,3,商品ページがない
日南発,芋焼酎,hinata_900.jpg,25,900,,1446,,,,2,商品ページがない
日南発,芋焼酎,hinata_1800.jpg,25,1800,,2556,,,,3,商品ページがない
日南発 カープボトル,芋焼酎,hinata_carpbottle_720.jpg,25,720,,1680,4,3,3,2,https://shochu-dojo.jp/?pid=158061932
芋の喜,芋焼酎,imonoyorokobi_1800.jpg,25,1800,紙パック,2194,3,3,3,3,https://shochu-dojo.jp/?pid=158061958
テーナー芋,芋焼酎,imo_cubitainer_18000.jpg,25,18000,,14850,3,3,3,5,https://shochu-dojo.jp/?pid=158061974
赤魔王 麦 八年古酒,麦焼酎,akamaou_mugi8_100.jpg,25,100,瓶,301,5,4,4,1,https://shochu-dojo.jp/?pid=158061976
赤魔王 麦 八年古酒,麦焼酎,akamaou_mugi8_720.jpg,25,720,瓶,720,5,4,4,1,https://shochu-dojo.jp/?pid=158061977
赤魔王 麦 八年古酒,麦焼酎,akamaou_mugi8_1800.jpg,25,1800,瓶,1800,5,4,4,2,https://shochu-dojo.jp/?pid=158061978
長期甕貯蔵 無月 華,麦焼酎,mugetsu-hana_720.jpg,40,720,瓶,3300,3,2,2,4,https://shochu-dojo.jp/?pid=158061975
長期甕貯蔵 無月 極,その他,mugetsu_kiwami_720.jpg,40,720,瓶,3300,2,1,1,4,https://shochu-dojo.jp/?pid=158061982
テーナー麦,麦焼酎,junmugi_cubitainer_18000.jpg,25,18000,,13750,3,3,3,5,https://shochu-dojo.jp/?pid=158061980
しあわせ いちごリキュール,リキュール,ichigo_500.jpg,14,500,,1970,,,,2,商品ページがない
さわやか健美梅酒,リキュール,sawayaka_umeshu_300.jpg,5,300,瓶,467,5,5,5,1,https://shochu-dojo.jp/?pid=158061988
体にうれしい梅酒,リキュール,karadaniureshii_umeshu_720.jpg,14,720,瓶,1485,2,2,3,2,https://shochu-dojo.jp/?pid=158061987
さわやか健美梅酒 -GOLD-,リキュール,umeshu_gold_500.jpg,14,500,,1410,,,,2,商品ページがない
さわやか健美梅酒-PREMIUM-,リキュール,umeshu_premium_500.jpg,14,500,,1254,,,,2,商品ページがない
クラフトジン 銀鼠 -GINnez-,その他,GINnez44_200.jpg,44,200,瓶,990,5,3,3,1,https://shochu-dojo.jp/?pid=158061989
