商品名,画像,度数,容量（ml）,金額,,香り,味わい,あと味
爽　飫肥杉,obisugi_20.jpg,20,100,223,,,,
むげつ　まるみ,,25,720,1518,,2,2,3
むげつ　まるみ,,25,1800,2530,,2,2,3
むげつ まるみ 長期甕熟成,,25,720,1518,,2,2,3
むげつ まるみ 長期甕熟成,,25,1800,2530,,2,2,3
焼酎道場 シルクスイート仕込,,25,900,1518,,3,3,4
焼酎道場 シルクスイート仕込,,25,1800,2530,,3,3,4
長期甕貯蔵　無月 夢,,25,720,1650,,3,2,2
長期甕貯蔵　無月 匠,,37,720,3300,,2,1,1
長期甕貯蔵　無月 甕壷,,25,1800,6050,,3,2,2
長期甕貯蔵　無月　量り売り用,,25,1800,2805,,3,2,2
赤魔王,,25,100,301,,2,2,3
赤魔王,,25,720,1859,,2,2,3
赤魔王,,25,1800,3003,,2,2,3
赤魔王　紫芋仕込,,25,100,301,,3,3,3
赤魔王　紫芋仕込,,25,720,1518,,3,3,3
赤魔王　紫芋仕込,,25,720,1628,カートン付き,3,3,3
赤魔王　紫芋仕込,,25,1800,2728,,3,3,3
吉祥赤魔王,,27,720,3102,,2,1,4
吉祥赤魔王,,27,900,2156,,2,1,4
吉祥赤魔王,,27,1800,3586,,2,1,4
日南海　20度,,20,720,1412,,2,2,3
日南海　20度,,20,1800,2345,,2,2,3
日南海　25度,,20,720,1652,,2,2,3
日南海　25度,,20,1800,2633,,2,2,3
やき芋浪漫,,25,100,301,,1,1,1
やき芋浪漫,,25,900,1485,,1,1,1
やき芋浪漫,,25,1800,2832,,1,1,1
蔵の文太 白麹,,25,720,1320,,4,3,4
蔵の文太 白麹,,25,1800,2046,,4,3,4
蔵の文太 黒麹,,25,720,1320,,2,3,2
蔵の文太 黒麹,,25,1800,2046,,2,3,2
花立の里,,25,720,1540,,3,2,3
花立の里,,25,1800,2639,,3,2,3
日南発,,25,900,1446,,4,3,3
日南発,,25,1800,2556,,4,3,3
日南発　カープボトル,,25,720,1680,,4,3,3
芋の喜,,25,1800,2194,,3,3,3
テーナー芋,,25,18000,オープン価格,,3,3,3
赤魔王 麦　八年古酒,,25,100,301,,5,4,4
赤魔王 麦　八年古酒,,25,720,720,,5,4,4
赤魔王 麦　八年古酒,,25,1800,1800,,5,4,4
長期甕貯蔵　無月 華,,40,720,3300,,3,2,2
長期甕貯蔵　無月 極,,40,720,3300,,2,1,1
テーナー麦,,25,18000,オープン価格,,3,3,3
しあわせ　いちごリキュール,,14,500,1970,,2,2,3
さわやか健美梅酒,,5,300,467,,5,5,5
体にうれしい梅酒,,14,720,1485,,2,2,3
さわやか健美梅酒　-GOLD-,,14,500,1410,,2,2,3
さわやか健美梅酒-PREMIUM-,,14,500,1254,,2,2,3
クラフトジン　銀鼠 -GINnez-,,44,200,990,,5,3,3
