商品名,画像,度数,容量（ml）,金額,商品リンク,種類
爽　飫肥杉,obisugi_20.jpg,20,100,223,https://shochu-dojo.jp/?pid=158061833,芋
むげつ　まるみ,mugetsu_marumi.jpg,25,720,1518,https://shochu-dojo.jp/?pid=163010728,芋
むげつ　まるみ,mugetsu_marumi.jpg,25,1800,2530,https://shochu-dojo.jp/?pid=163010688,芋
むげつ まるみ 長期甕熟成,mugetsu_marumi-long.jpg,25,720,1518,https://shochu-dojo.jp/?pid=182746662,芋
むげつ まるみ 長期甕熟成,mugetsu_marumi-long.jpg,25,1800,2530,https://shochu-dojo.jp/?pid=182746667,芋
焼酎道場 シルクスイート仕込,silksweet.jpg,25,900,1518,https://shochu-dojo.jp/?pid=166367321,芋
焼酎道場 シルクスイート仕込,silksweet.jpg,25,1800,2530,https://shochu-dojo.jp/?pid=166366932,芋
長期甕貯蔵　無月 夢,mugetsu_yume.jpg,25,720,1650,https://shochu-dojo.jp/?pid=158061933,芋
長期甕貯蔵　無月 匠,mugetu_takumi.jpg,37,720,3300,https://shochu-dojo.jp/?pid=158061935,芋
長期甕貯蔵　無月 甕壷,mugetsu_kametsubo.jpg,25,1800,6050,https://shochu-dojo.jp/?pid=158061940,芋
長期甕貯蔵　無月　量り売り用,mugetu_hakariuri.jpg,25,1800,2805,https://shochu-dojo.jp/?pid=158061934,芋
赤魔王,akamaou.jpg,25,100,301,https://shochu-dojo.jp/?pid=158061965,芋
赤魔王,akamaou.jpg,25,720,1859,https://shochu-dojo.jp/?pid=158061966,芋
赤魔王,akamaou.jpg,25,1800,3003,https://shochu-dojo.jp/?pid=158061967,芋
赤魔王　紫芋仕込,akamaou_murasaki.jpg,25,100,301,https://shochu-dojo.jp/?pid=166738944,芋
赤魔王　紫芋仕込,akamaou_murasaki.jpg,25,720,1518,https://shochu-dojo.jp/?pid=166738757,芋
赤魔王　紫芋仕込,akamaou_murasaki.jpg,25,720,1628,https://shochu-dojo.jp/?pid=166738897,芋
赤魔王　紫芋仕込,akamaou_murasaki.jpg,25,1800,2728,https://shochu-dojo.jp/?pid=166738054,芋
吉祥赤魔王,kisshou_akamaou.jpg,27,720,3102,https://shochu-dojo.jp/?pid=158061969,芋
吉祥赤魔王,kisshou_akamaou.jpg,27,900,2156,https://shochu-dojo.jp/?pid=158061971,芋
吉祥赤魔王,kisshou_akamaou.jpg,27,1800,3586,https://shochu-dojo.jp/?pid=158061973,芋
日南海,hinami_20.jpg,20,720,1412,https://shochu-dojo.jp/?pid=160011409,芋
日南海,hinami_20.jpg,20,1800,2345,https://shochu-dojo.jp/?pid=160011479,芋
日南海,hinami_25.jpg,25,720,1652,https://shochu-dojo.jp/?pid=159978183,芋
日南海,hinami_25.jpg,25,1800,2633,https://shochu-dojo.jp/?pid=159978466,芋
やき芋浪漫,yakiimoroman.jpg,25,100,301,https://shochu-dojo.jp/?pid=158061959,芋
やき芋浪漫,yakiimoroman.jpg,25,900,1485,https://shochu-dojo.jp/?pid=158061963,芋
やき芋浪漫,yakiimoroman.jpg,25,1800,2832,https://shochu-dojo.jp/?pid=158061964,芋
蔵の文太 白麹,kuranobunta_shiro.jpg,25,720,1320,https://shochu-dojo.jp/?pid=158061953,芋
蔵の文太 白麹,kuranobunta_shiro.jpg,25,1800,2046,https://shochu-dojo.jp/?pid=158061954,芋
蔵の文太 黒麹,kuranobunta_kuro.jpg,25,720,1320,https://shochu-dojo.jp/?pid=158061955,芋
蔵の文太 黒麹,kuranobunta_kuro.jpg,25,1800,2046,https://shochu-dojo.jp/?pid=158061956,芋
花立の里,hanadatenosatoi.jpg,25,720,1540,商品ページがない,芋
花立の里,hanadatenosatoi.jpg,25,1800,2639,商品ページがない,芋
日南発,hinata.jpg,25,900,1446,商品ページがない,芋
日南発,hinata.jpg,25,1800,2556,商品ページがない,芋
日南発　カープボトル,hinata_carpbottle.jpg,25,720,1680,https://shochu-dojo.jp/?pid=158061932,芋
芋の喜,imonoyorokobi.jpg,25,1800,2194,https://shochu-dojo.jp/?pid=158061958,芋
テーナー芋,imo_cubitainer.jpg,25,18000,14850,https://shochu-dojo.jp/?pid=158061974,芋
赤魔王 麦　八年古酒,akamaou_mugi8.jpg,25,100,301,https://shochu-dojo.jp/?pid=158061976,麦
赤魔王 麦　八年古酒,akamaou_mugi8.jpg,25,720,720,https://shochu-dojo.jp/?pid=158061977,麦
赤魔王 麦　八年古酒,akamaou_mugi8.jpg,25,1800,1800,https://shochu-dojo.jp/?pid=158061978,麦
長期甕貯蔵　無月 華,mugetsu-hana.jpg,40,720,3300,https://shochu-dojo.jp/?pid=158061975,麦
長期甕貯蔵　無月 極,mugetsu_kiwami.jpg,40,720,3300,https://shochu-dojo.jp/?pid=158061982,その他
テーナー麦,junmugi_cubitainer.jpg,25,18000,13750,https://shochu-dojo.jp/?pid=158061980,麦
しあわせ　いちごリキュール,ichigo.jpg,14,500,1970,商品ページがない,リキュール
さわやか健美梅酒,sawayaka_umeshu.jpg,5,300,467,https://shochu-dojo.jp/?pid=158061988,リキュール
体にうれしい梅酒,karadaniureshii_umeshu.jpg,14,720,1485,https://shochu-dojo.jp/?pid=158061987,リキュール
さわやか健美梅酒　-GOLD-,umeshu_gold.jpg,14,500,1410,商品ページがない,リキュール
さわやか健美梅酒-PREMIUM-,umeshu_premium.jpg,14,500,1254,商品ページがない,リキュール
クラフトジン　銀鼠 -GINnez-,GINnez44.jpg,44,200,990,https://shochu-dojo.jp/?pid=158061989,その他
