商品名,画像,度数,容量（ml）,容器,金額
爽　飫肥杉,obisugi_20.jpg,20,100,瓶,223
爽　飫肥杉,obisugi_20.jpg,20,200,PETカップ,251
爽　飫肥杉,obisugi_20.jpg,20,360,PETカップ,462
爽　飫肥杉,obisugi_20.jpg,20,900,スリムカップ,952
爽　飫肥杉,obisugi_20.jpg,20,900,瓶,963
爽　飫肥杉,obisugi_20.jpg,20,1800,瓶,1788
爽　飫肥杉,obisugi_20.jpg,20,1800,紙パック,1766
爽　飫肥杉,obisugi_20.jpg,20,2700,大容量PET,2453
爽　飫肥杉,obisugi_20.jpg,20,4000,大容量PET,3520
爽　飫肥杉,obisugi_25.jpg,25,100,瓶,255
爽　飫肥杉,obisugi_25.jpg,25,720,瓶,1235
爽　飫肥杉,obisugi_25.jpg,25,900,瓶,1098
爽　飫肥杉,obisugi_25.jpg,25,1800,瓶,2050
爽　飫肥杉,obisugi_25.jpg,25,1800,紙パック,2029
黒飫肥杉,kurosugi_20.jpg,20,900,瓶,963
黒飫肥杉,kurosugi_20.jpg,20,1800,紙パック,1766
黒飫肥杉,kurosugi_25.jpg,25,100,瓶,255
黒飫肥杉,kurosugi_25.jpg,25,900,瓶,1098
黒飫肥杉,kurosugi_25.jpg,25,1800,瓶,2050
黒飫肥杉,kurosugi_25.jpg,25,1800,紙パック,2029
赤飫肥杉,akasugi_20.jpg,20,900,瓶,963
赤飫肥杉,akasugi_20.jpg,20,1800,紙パック,1766
赤飫肥杉,akasugi_20.jpg,20,4000,大容量PET,3520
赤飫肥杉,akasugi_25.jpg,25,100,瓶,255
赤飫肥杉,akasugi_25.jpg,25,900,瓶,1098
赤飫肥杉,akasugi_25.jpg,25,1800,瓶,2050
赤飫肥杉,akasugi_25.jpg,25,900,スリムカップ,980
赤飫肥杉,akasugi_25.jpg,25,1800,紙パック,2029
飫肥杉　原酒　特選ブレンド,obisugi_genshu_tokusen.jpg,37,720,瓶,2750
飫肥杉　原酒,obisugi_genshu.jpg,38,720,瓶,2326
飫肥杉　ライオンズボトル,obisugi_lions.jpg,20,720,瓶,1320
櫻泉,sakuraizumi.jpg,25,100,瓶,255
櫻泉,sakuraizumi.jpg,25,720,瓶,1097
櫻泉,sakuraizumi.jpg,25,900,瓶,1098
櫻泉,sakuraizumi.jpg,25,1800,瓶,2050
大金持　芋　金箔入,ooganemoti_imo_gold.jpg,20,900,瓶,1298
大金持　芋　金箔入,ooganemoti_imo_gold.jpg,20,1800,瓶,2647
芋の達人,imonotatujin.jpg,25,100,PETカップ,125
芋の達人,imonotatujin.jpg,25,900,瓶,1116
芋の達人,imonotatujin.jpg,25,1800,紙パック,2005
赤魔性,akamasyou.jpg,25,720,瓶,1478
赤魔性,akamasyou.jpg,25,1800,瓶,2393
無邪鬼,mujaki.jpg,25,720,瓶,1489
無邪鬼,mujaki.jpg,25,1800,瓶,2527
神武　安納芋仕込長期貯蔵原酒,jinmu_annouimo.jpg,36,720,瓶,5500
萬甕,mannou.jpg,25,1800,陶器,5670
焼酎力　芋,shochuriki_imo.jpg,25,1800,紙パック,2029
どでか芋,dodeka_imo.jpg,25,5000,大容量PET,4598
純麦櫻泉,sakuraizumi_mugi.jpg,25,900,瓶,1051
純麦櫻泉,sakuraizumi_mugi.jpg,25,1800,瓶,1980
黒櫻泉,sakuraizumi_kuro.jpg,25,900,瓶,1051
黒櫻泉,sakuraizumi_kuro.jpg,25,1800,瓶,1980
大金持　麦,ooganemoti_mugi.jpg,25,900,瓶,1051
大金持　麦,ooganemoti_mugi.jpg,25,1800,瓶,1980
大金持　麦　金箔入,ooganemoti_mugi_gold.jpg,25,900,瓶,1134
大金持　麦　金箔入,ooganemoti_mugi_gold.jpg,25,1800,瓶,2593
吉祥大金持,ooganemoti_kisshou.jpg,25,720,陶器,2150
神武　琥珀,jinmu_kohaku.jpg,25,720,瓶,3300
貴醸酎　神武,jinmu_kijoutyu.jpg,40,720,瓶,4730
神武　麦全麹仕込十年貯蔵原酒,jinmu_mugi.jpg,39,720,瓶,5500
焼酎力　麦,shochuriki_mugi.jpg,25,1800,紙パック,2011
どでか麦,dodeka_mugi.jpg,25,5500,大容量PET,4598
孤独な天使,kodokunatenshi.jpg,36,720,瓶,2750
日向の夏子,himukanonatsuko.jpg,12,500,瓶,1257
日向の夏子,himukanonatsuko.jpg,12,1800,瓶,2310
さわやか　へべすリキュール,liqueur_hebesu.jpg,14,500,瓶,1562
さわやか　レモンリキュール,liqueur_lemon.jpg,14,500,瓶,1425
さわやか　レモンリキュール,liqueur_lemon.jpg,14,1800,瓶,3300
さわやか　ゆずリキュール,liqueur_yuzu./jpg,14,500,瓶,1425
